"Stars","Title","Entry ID","Entry Name","Date Added","Date Modified","PDB CRYST1 a","PDB CRYST1 b","PDB CRYST1 c","PDB CRYST1 alpha","PDB CRYST1 beta","PDB CRYST1 gamma","PDB CRYST1 Space Group","PDB CRYST1 z","PDB format version","Source Path","Source File","Source File Index","entry id backup","ran protassign","prepared","prepared with version","Potential Energy-OPLS3e","RMS Derivative-OPLS3e","Max Derivative-OPLS3e","Stretch Energy-OPLS3e","Bend Energy-OPLS3e","LJ-14 Energy-OPLS3e","El-14 Energy-OPLS3e","Van der Waals Energy-OPLS3e","Electrostatic Energy-OPLS3e","Dihedral Energy-OPLS3e","target temperature","ran impref","grid version","gridbox xcent","gridbox ycent","gridbox zcent","gridbox xrange","gridbox yrange","gridbox zrange","gridbox ligxrange","gridbox ligyrange","gridbox ligzrange","grid type","receptor","Line_Number","IC50","chiral flag","version","ct enhanced stereo status","mmshare version","input","cmdline","tautomer probability","Ionization Penalty","Ionization Penalty Charging","Ionization Penalty Neutral","State Penalty","Charging Adjusted Penalty","Tot Q","Tot abs Q","flags","Force Field","Energy","Chiralities Consistent","Variant","glide gridfile","glide lignum","glide rotatable bonds","docking score","glide ligand efficiency","glide ligand efficiency sa","glide ligand efficiency ln","glide gscore","glide lipo","glide hbond","glide metal","glide rewards","glide evdw","glide ecoul","glide erotb","glide esite","glide emodel","glide energy","glide einternal","glide confnum","glide posenum","glide eff state penalty","Chemistry Notes","EZ 1"
,"226 - minimized","439","226.1","2025-11-13 15:20:48","2025-11-13 15:20:48",177.910,177.910,177.910,90.000,90.000,90.000,"P 1",1,"3.0","/home/db/Documentos/David_Hito2/Glide/docking_results/SP/1E9Z-glide-grid_226","docking_pv.maegz",1,"42",true,true,"2020-3",-22068.162,0.047,1.141,14.420,870.109,980.460,-704.546,-2176.752,-21115.663,63.810,298.000,true,88139,-26.364,6.095,0.072,25.000,25.000,25.000,10.000,10.000,10.000,"glide",true,,,,,,,"","",,,,,,,,,,"",,,"","",,,,,,,,,,,,,,,,,,,,,,"",""
,"145950151.0","440","294_145950151.0.1","2025-11-13 15:20:48","2025-11-13 15:20:48",,,,,,,"",,"","/home/db/Documentos/David_Hito2/Glide/docking_results/SP/1E9Z-glide-grid_226","docking_pv.maegz",2,"",,,"",,,,,,,,,,,,,,,,,,,,,,,"",,294,24480,false,0,2,51139,"W09IXVtOSF1DKD1PKVtDSDJdW05IXWMxW2NIXVtjSF1bY0hdYyhCcilbY0hdMQ==","J2VwaWtfcHl0aG9uJywgJy1waHQnLCAnMC4wJywgJy1waCcsICc3LjAnLCAnLXRuJywgJzgnLCAnLW1hJywgJzIwMCcsICctaW1hZScsICc8aW5maWxlLm1hZT4nLCAnLW9tYWUnLCAnPG91dGZpbGUubWFlPic=",1.000,0.0036,0.0000,0.0036,0.0000,0.000,0,0,0,"OPLS3e",17.492,true,"145950151.0-1","glide-grid_226",289,5,-5.110,-0.393,-0.924,-1.433,-5.110,-1.642,-0.589,0.000,-1.732,7.933,-14.761,0.869,-0.198,-1.244,-6.828,12.488,17,271,0.000,"This compound has a N-S or N-O group and may undergo hydrolysis at high or low pH.",""
,"145956231.0","441","290_145956231.0.1","2025-11-13 15:20:48","2025-11-13 15:20:48",,,,,,,"",,"","/home/db/Documentos/David_Hito2/Glide/docking_results/SP/1E9Z-glide-grid_226","docking_pv.maegz",3,"",,,"",,,,,,,,,,,,,,,,,,,,,,,"",,290,8210,false,0,2,51139,"W09IXVtOSF1DKD1PKVtDSDJdW05IXWMxW2NIXVtjSF1bY0hdYyhbTitdKD1PKVtPLV0pW2NIXTE=","J2VwaWtfcHl0aG9uJywgJy1waHQnLCAnMC4wJywgJy1waCcsICc3LjAnLCAnLXRuJywgJzgnLCAnLW1hJywgJzIwMCcsICctaW1hZScsICc8aW5maWxlLm1hZT4nLCAnLW9tYWUnLCAnPG91dGZpbGUubWFlPic=",1.000,0.0036,0.0000,0.0036,0.0000,0.000,0,2,0,"OPLS3e",23.160,true,"145956231.0-1","glide-grid_226",285,6,-4.711,-0.314,-0.775,-1.270,-4.711,-1.375,-0.608,0.000,-1.959,5.364,-15.446,1.491,-0.212,-8.576,-10.081,4.458,25,338,0.000,"This compound has a N-S or N-O group and may undergo hydrolysis at high or low pH.",""
,"145956231.0","442","290_145956231.0.1","2025-11-13 15:20:48","2025-11-13 15:20:48",,,,,,,"",,"","/home/db/Documentos/David_Hito2/Glide/docking_results/SP/1E9Z-glide-grid_226","docking_pv.maegz",4,"",,,"",,,,,,,,,,,,,,,,,,,,,,,"",,290,8210,false,0,2,51139,"W09IXVtOSF1DKD1PKVtDSDJdW05IXWMxW2NIXVtjSF1bY0hdYyhbTitdKD1PKVtPLV0pW2NIXTE=","J2VwaWtfcHl0aG9uJywgJy1waHQnLCAnMC4wJywgJy1waCcsICc3LjAnLCAnLXRuJywgJzgnLCAnLW1hJywgJzIwMCcsICctaW1hZScsICc8aW5maWxlLm1hZT4nLCAnLW9tYWUnLCAnPG91dGZpbGUubWFlPic=",1.000,0.0036,0.0000,0.0036,0.0000,0.000,0,2,0,"OPLS3e",23.160,true,"145956231.0-1","glide-grid_226",285,6,-4.648,-0.310,-0.764,-1.253,-4.648,-1.317,-0.591,0.000,-1.964,7.072,-16.135,1.491,-0.201,-8.478,-9.064,2.625,25,281,0.000,"This compound has a N-S or N-O group and may undergo hydrolysis at high or low pH.",""
,"3657.0","443","326_3657.0.1","2025-11-13 15:20:48","2025-11-13 15:20:48",,,,,,,"",,"","/home/db/Documentos/David_Hito2/Glide/docking_results/SP/1E9Z-glide-grid_226","docking_pv.maegz",5,"",,,"",,,,,,,,,,,,,,,,,,,,,,,"",,326,88750,false,0,2,51139,"W05IMl1DKD1PKVtOSF1bT0hd","J2VwaWtfcHl0aG9uJywgJy1waHQnLCAnMC4wJywgJy1waCcsICc3LjAnLCAnLXRuJywgJzgnLCAnLW1hJywgJzIwMCcsICctaW1hZScsICc8aW5maWxlLm1hZT4nLCAnLW9tYWUnLCAnPG91dGZpbGUubWFlPic=",1.000,0.0115,0.0000,0.0115,0.0000,0.000,0,0,0,"OPLS3e",-0.160,true,"3657.0-1","glide-grid_226",301,2,-4.581,-0.916,-1.567,-1.755,-4.581,0.000,-0.644,0.000,-2.250,-0.692,-10.088,0.000,-0.139,-15.639,-10.780,0.283,1,356,0.000,"This compound has a N-S or N-O group and may undergo hydrolysis at high or low pH.",""
,"60651050.0","444","250_60651050.0.1","2025-11-13 15:20:48","2025-11-13 15:20:48",,,,,,,"",,"","/home/db/Documentos/David_Hito2/Glide/docking_results/SP/1E9Z-glide-grid_226","docking_pv.maegz",6,"",,,"",,,,,,,,,,,,,,,,,,,,,,,"",,250,10400,false,0,2,51139,"W09IXVtOSF1DKD1PKVtDSDJdT2MxW2NIXVtjSF1bY0hdYyhDbClbY0hdMQ==","J2VwaWtfcHl0aG9uJywgJy1waHQnLCAnMC4wJywgJy1waCcsICc3LjAnLCAnLXRuJywgJzgnLCAnLW1hJywgJzIwMCcsICctaW1hZScsICc8aW5maWxlLm1hZT4nLCAnLW9tYWUnLCAnPG91dGZpbGUubWFlPic=",1.000,0.0172,0.0000,0.0172,0.0000,0.000,0,0,0,"OPLS3e",12.189,true,"60651050.0-1","glide-grid_226",245,5,-4.417,-0.340,-0.799,-1.239,-4.417,-1.760,-0.608,0.000,-1.900,1.942,-8.671,1.209,-0.155,-5.206,-6.729,7.131,11,70,0.000,"This compound has a N-S or N-O group and may undergo hydrolysis at high or low pH.",""
,"60651050.0","445","250_60651050.0.1","2025-11-13 15:20:48","2025-11-13 15:20:48",,,,,,,"",,"","/home/db/Documentos/David_Hito2/Glide/docking_results/SP/1E9Z-glide-grid_226","docking_pv.maegz",7,"",,,"",,,,,,,,,,,,,,,,,,,,,,,"",,250,10400,false,0,2,51139,"W09IXVtOSF1DKD1PKVtDSDJdT2MxW2NIXVtjSF1bY0hdYyhDbClbY0hdMQ==","J2VwaWtfcHl0aG9uJywgJy1waHQnLCAnMC4wJywgJy1waCcsICc3LjAnLCAnLXRuJywgJzgnLCAnLW1hJywgJzIwMCcsICctaW1hZScsICc8aW5maWxlLm1hZT4nLCAnLW9tYWUnLCAnPG91dGZpbGUubWFlPic=",1.000,0.0172,0.0000,0.0172,0.0000,0.000,0,0,0,"OPLS3e",12.189,true,"60651050.0-1","glide-grid_226",245,5,-4.396,-0.338,-0.795,-1.233,-4.396,-1.759,-0.608,0.000,-1.897,2.015,-8.574,1.209,-0.155,-5.330,-6.559,6.503,11,235,0.000,"This compound has a N-S or N-O group and may undergo hydrolysis at high or low pH.",""
,"3657.0","446","326_3657.0.1","2025-11-13 15:20:48","2025-11-13 15:20:48",,,,,,,"",,"","/home/db/Documentos/David_Hito2/Glide/docking_results/SP/1E9Z-glide-grid_226","docking_pv.maegz",8,"",,,"",,,,,,,,,,,,,,,,,,,,,,,"",,326,88750,false,0,2,51139,"W05IMl1DKD1PKVtOSF1bT0hd","J2VwaWtfcHl0aG9uJywgJy1waHQnLCAnMC4wJywgJy1waCcsICc3LjAnLCAnLXRuJywgJzgnLCAnLW1hJywgJzIwMCcsICctaW1hZScsICc8aW5maWxlLm1hZT4nLCAnLW9tYWUnLCAnPG91dGZpbGUubWFlPic=",1.000,0.0115,0.0000,0.0115,0.0000,0.000,0,0,0,"OPLS3e",-0.160,true,"3657.0-1","glide-grid_226",301,2,-4.382,-0.876,-1.499,-1.679,-4.382,0.000,-0.503,0.000,-2.250,3.403,-11.202,0.000,-0.119,-12.529,-7.799,0.107,1,186,0.000,"This compound has a N-S or N-O group and may undergo hydrolysis at high or low pH.",""
,"3657.0","447","326_3657.0.1","2025-11-13 15:20:48","2025-11-13 15:20:48",,,,,,,"",,"","/home/db/Documentos/David_Hito2/Glide/docking_results/SP/1E9Z-glide-grid_226","docking_pv.maegz",9,"",,,"",,,,,,,,,,,,,,,,,,,,,,,"",,326,88750,false,0,2,51139,"W05IMl1DKD1PKVtOSF1bT0hd","J2VwaWtfcHl0aG9uJywgJy1waHQnLCAnMC4wJywgJy1waCcsICc3LjAnLCAnLXRuJywgJzgnLCAnLW1hJywgJzIwMCcsICctaW1hZScsICc8aW5maWxlLm1hZT4nLCAnLW9tYWUnLCAnPG91dGZpbGUubWFlPic=",1.000,0.0115,0.0000,0.0115,0.0000,0.000,0,0,0,"OPLS3e",-0.160,true,"3657.0-1","glide-grid_226",301,2,-4.170,-0.834,-1.426,-1.598,-4.170,0.000,-0.365,0.000,-2.250,2.447,-10.518,0.000,-0.100,-12.617,-8.071,0.014,1,245,0.000,"This compound has a N-S or N-O group and may undergo hydrolysis at high or low pH.",""
,"22716931.0","448","296_22716931.0.1","2025-11-13 15:20:48","2025-11-13 15:20:48",,,,,,,"",,"","/home/db/Documentos/David_Hito2/Glide/docking_results/SP/1E9Z-glide-grid_226","docking_pv.maegz",10,"",,,"",,,,,,,,,,,,,,,,,,,,,,,"",,296,4670,false,0,2,51139,"W09IXVtOSF1DKD1PKVtDSDJdW05IXWMxW2NIXVtjSF1bY0hdW2NIXVtjSF0x","J2VwaWtfcHl0aG9uJywgJy1waHQnLCAnMC4wJywgJy1waCcsICc3LjAnLCAnLXRuJywgJzgnLCAnLW1hJywgJzIwMCcsICctaW1hZScsICc8aW5maWxlLm1hZT4nLCAnLW9tYWUnLCAnPG91dGZpbGUubWFlPic=",1.000,0.0037,0.0000,0.0037,0.0000,0.000,0,0,0,"OPLS3e",16.715,true,"22716931.0-1","glide-grid_226",291,5,-4.146,-0.346,-0.791,-1.190,-4.146,-1.262,-0.591,0.000,-2.240,11.563,-13.950,1.662,-0.200,-0.481,-2.386,9.649,17,140,0.000,"This compound has a N-S or N-O group and may undergo hydrolysis at high or low pH.",""
,"386822","449","186_386822.1","2025-11-13 15:20:48","2025-11-13 15:20:48",,,,,,,"",,"","/home/db/Documentos/David_Hito2/Glide/docking_results/SP/1E9Z-glide-grid_226","docking_pv.maegz",11,"",,,"",,,,,,,,,,,,,,,,,,,,,,,"",,186,120000,false,0,2,51139,"W0NIM11DKD1PKVtOSF1bT0hd","J2VwaWtfcHl0aG9uJywgJy1waHQnLCAnMC4wJywgJy1waCcsICc3LjAnLCAnLXRuJywgJzgnLCAnLW1hJywgJzIwMCcsICctaW1hZScsICc8aW5maWxlLm1hZT4nLCAnLW9tYWUnLCAnPG91dGZpbGUubWFlPic=",1.000,0.0042,0.0000,0.0042,0.0000,0.000,0,0,0,"OPLS3e",0.553,true,"386822-1","glide-grid_226",181,2,-4.127,-0.825,-1.411,-1.581,-4.127,-0.330,-0.513,0.000,-2.250,3.074,-7.918,0.000,0.000,-6.751,-4.844,0.967,1,215,0.000,"This compound has a N-S or N-O group and may undergo hydrolysis at high or low pH.",""
,"145984444.0","450","256_145984444.0.1","2025-11-13 15:20:48","2025-11-13 15:20:48",,,,,,,"",,"","/home/db/Documentos/David_Hito2/Glide/docking_results/SP/1E9Z-glide-grid_226","docking_pv.maegz",12,"",,,"",,,,,,,,,,,,,,,,,,,,,,,"",,256,94700,false,0,2,51139,"W09IXVtOSF1DKD1PKVtDSDJdT2MxW2NIXVtjSF1bY0hdYyhbTitdKD1PKVtPLV0pW2NIXTE=","J2VwaWtfcHl0aG9uJywgJy1waHQnLCAnMC4wJywgJy1waCcsICc3LjAnLCAnLXRuJywgJzgnLCAnLW1hJywgJzIwMCcsICctaW1hZScsICc8aW5maWxlLm1hZT4nLCAnLW9tYWUnLCAnPG91dGZpbGUubWFlPic=",1.000,0.0172,0.0000,0.0172,0.0000,0.000,0,2,0,"OPLS3e",17.021,true,"145984444.0-1","glide-grid_226",251,6,-4.123,-0.275,-0.678,-1.112,-4.123,-1.422,-0.608,0.000,-1.873,-0.246,-10.078,1.480,-0.176,-9.714,-10.324,7.463,53,99,0.000,"This compound has a N-S or N-O group and may undergo hydrolysis at high or low pH.",""
,"145984444.0","451","256_145984444.0.1","2025-11-13 15:20:48","2025-11-13 15:20:48",,,,,,,"",,"","/home/db/Documentos/David_Hito2/Glide/docking_results/SP/1E9Z-glide-grid_226","docking_pv.maegz",13,"",,,"",,,,,,,,,,,,,,,,,,,,,,,"",,256,94700,false,0,2,51139,"W09IXVtOSF1DKD1PKVtDSDJdT2MxW2NIXVtjSF1bY0hdYyhbTitdKD1PKVtPLV0pW2NIXTE=","J2VwaWtfcHl0aG9uJywgJy1waHQnLCAnMC4wJywgJy1waCcsICc3LjAnLCAnLXRuJywgJzgnLCAnLW1hJywgJzIwMCcsICctaW1hZScsICc8aW5maWxlLm1hZT4nLCAnLW9tYWUnLCAnPG91dGZpbGUubWFlPic=",1.000,0.0172,0.0000,0.0172,0.0000,0.000,0,2,0,"OPLS3e",17.021,true,"145984444.0-1","glide-grid_226",251,6,-4.106,-0.274,-0.675,-1.107,-4.106,-1.420,-0.608,0.000,-1.876,-0.188,-9.974,1.480,-0.177,-9.472,-10.162,7.608,53,214,0.000,"This compound has a N-S or N-O group and may undergo hydrolysis at high or low pH.",""
,"130841018.0","452","254_130841018.0.1","2025-11-13 15:20:48","2025-11-13 15:20:48",,,,,,,"",,"","/home/db/Documentos/David_Hito2/Glide/docking_results/SP/1E9Z-glide-grid_226","docking_pv.maegz",14,"",,,"",,,,,,,,,,,,,,,,,,,,,,,"",,254,27000,false,0,2,51139,"W09IXVtOSF1DKD1PKVtDSDJdT2MxW2NIXVtjSF1bY0hdYyhGKVtjSF0x","J2VwaWtfcHl0aG9uJywgJy1waHQnLCAnMC4wJywgJy1waCcsICc3LjAnLCAnLXRuJywgJzgnLCAnLW1hJywgJzIwMCcsICctaW1hZScsICc8aW5maWxlLm1hZT4nLCAnLW9tYWUnLCAnPG91dGZpbGUubWFlPic=",1.000,0.0172,0.0000,0.0172,0.0000,0.000,0,0,0,"OPLS3e",16.525,true,"130841018.0-1","glide-grid_226",249,5,-3.921,-0.302,-0.709,-1.100,-3.921,-1.428,-0.608,0.000,-2.014,3.588,-8.586,1.392,-0.155,-2.790,-4.998,7.282,11,290,0.000,"This compound has a N-S or N-O group and may undergo hydrolysis at high or low pH.",""
,"130841018.0","453","254_130841018.0.1","2025-11-13 15:20:48","2025-11-13 15:20:48",,,,,,,"",,"","/home/db/Documentos/David_Hito2/Glide/docking_results/SP/1E9Z-glide-grid_226","docking_pv.maegz",15,"",,,"",,,,,,,,,,,,,,,,,,,,,,,"",,254,27000,false,0,2,51139,"W09IXVtOSF1DKD1PKVtDSDJdT2MxW2NIXVtjSF1bY0hdYyhGKVtjSF0x","J2VwaWtfcHl0aG9uJywgJy1waHQnLCAnMC4wJywgJy1waCcsICc3LjAnLCAnLXRuJywgJzgnLCAnLW1hJywgJzIwMCcsICctaW1hZScsICc8aW5maWxlLm1hZT4nLCAnLW9tYWUnLCAnPG91dGZpbGUubWFlPic=",1.000,0.0172,0.0000,0.0172,0.0000,0.000,0,0,0,"OPLS3e",16.525,true,"130841018.0-1","glide-grid_226",249,5,-3.900,-0.300,-0.705,-1.094,-3.900,-1.428,-0.608,0.000,-2.010,3.649,-8.488,1.392,-0.155,-2.727,-4.839,7.049,11,262,0.000,"This compound has a N-S or N-O group and may undergo hydrolysis at high or low pH.",""
,"386822","454","186_386822.1","2025-11-13 15:20:48","2025-11-13 15:20:48",,,,,,,"",,"","/home/db/Documentos/David_Hito2/Glide/docking_results/SP/1E9Z-glide-grid_226","docking_pv.maegz",16,"",,,"",,,,,,,,,,,,,,,,,,,,,,,"",,186,120000,false,0,2,51139,"W0NIM11DKD1PKVtOSF1bT0hd","J2VwaWtfcHl0aG9uJywgJy1waHQnLCAnMC4wJywgJy1waCcsICc3LjAnLCAnLXRuJywgJzgnLCAnLW1hJywgJzIwMCcsICctaW1hZScsICc8aW5maWxlLm1hZT4nLCAnLW9tYWUnLCAnPG91dGZpbGUubWFlPic=",1.000,0.0042,0.0000,0.0042,0.0000,0.000,0,0,0,"OPLS3e",0.553,true,"386822-1","glide-grid_226",181,2,-3.886,-0.777,-1.329,-1.489,-3.886,-0.152,-0.320,0.000,-2.250,2.200,-7.549,0.000,-0.141,-7.453,-5.349,0.292,1,273,0.000,"This compound has a N-S or N-O group and may undergo hydrolysis at high or low pH.",""
,"386822","455","186_386822.1","2025-11-13 15:20:48","2025-11-13 15:20:48",,,,,,,"",,"","/home/db/Documentos/David_Hito2/Glide/docking_results/SP/1E9Z-glide-grid_226","docking_pv.maegz",17,"",,,"",,,,,,,,,,,,,,,,,,,,,,,"",,186,120000,false,0,2,51139,"W0NIM11DKD1PKVtOSF1bT0hd","J2VwaWtfcHl0aG9uJywgJy1waHQnLCAnMC4wJywgJy1waCcsICc3LjAnLCAnLXRuJywgJzgnLCAnLW1hJywgJzIwMCcsICctaW1hZScsICc8aW5maWxlLm1hZT4nLCAnLW9tYWUnLCAnPG91dGZpbGUubWFlPic=",1.000,0.0042,0.0000,0.0042,0.0000,0.000,0,0,0,"OPLS3e",0.553,true,"386822-1","glide-grid_226",181,2,-3.858,-0.772,-1.319,-1.478,-3.858,-0.151,-0.320,0.000,-2.250,2.241,-7.388,0.000,-0.141,-7.213,-5.147,0.337,1,390,0.000,"This compound has a N-S or N-O group and may undergo hydrolysis at high or low pH.",""
,"3657.0","456","326_3657.0.1","2025-11-13 15:20:48","2025-11-13 15:20:48",,,,,,,"",,"","/home/db/Documentos/David_Hito2/Glide/docking_results/SP/1E9Z-glide-grid_226","docking_pv.maegz",18,"",,,"",,,,,,,,,,,,,,,,,,,,,,,"",,326,88750,false,0,2,51139,"W05IMl1DKD1PKVtOSF1bT0hd","J2VwaWtfcHl0aG9uJywgJy1waHQnLCAnMC4wJywgJy1waCcsICc3LjAnLCAnLXRuJywgJzgnLCAnLW1hJywgJzIwMCcsICctaW1hZScsICc8aW5maWxlLm1hZT4nLCAnLW9tYWUnLCAnPG91dGZpbGUubWFlPic=",1.000,0.0115,0.0000,0.0115,0.0000,0.000,0,0,0,"OPLS3e",-0.160,true,"3657.0-1","glide-grid_226",301,2,-3.849,-0.770,-1.316,-1.475,-3.849,0.000,-0.417,0.000,-2.250,3.476,-8.274,0.000,-0.114,-8.931,-4.798,0.138,1,278,0.000,"This compound has a N-S or N-O group and may undergo hydrolysis at high or low pH.",""
,"386822","457","186_386822.1","2025-11-13 15:20:48","2025-11-13 15:20:48",,,,,,,"",,"","/home/db/Documentos/David_Hito2/Glide/docking_results/SP/1E9Z-glide-grid_226","docking_pv.maegz",19,"",,,"",,,,,,,,,,,,,,,,,,,,,,,"",,186,120000,false,0,2,51139,"W0NIM11DKD1PKVtOSF1bT0hd","J2VwaWtfcHl0aG9uJywgJy1waHQnLCAnMC4wJywgJy1waCcsICc3LjAnLCAnLXRuJywgJzgnLCAnLW1hJywgJzIwMCcsICctaW1hZScsICc8aW5maWxlLm1hZT4nLCAnLW9tYWUnLCAnPG91dGZpbGUubWFlPic=",1.000,0.0042,0.0000,0.0042,0.0000,0.000,0,0,0,"OPLS3e",0.553,true,"386822-1","glide-grid_226",181,2,-3.795,-0.759,-1.298,-1.454,-3.795,-0.103,-0.258,0.000,-2.245,7.967,-9.951,0.000,-0.094,-3.876,-1.984,0.586,1,195,0.000,"This compound has a N-S or N-O group and may undergo hydrolysis at high or low pH.",""
,"3657.0","458","326_3657.0.1","2025-11-13 15:20:48","2025-11-13 15:20:48",,,,,,,"",,"","/home/db/Documentos/David_Hito2/Glide/docking_results/SP/1E9Z-glide-grid_226","docking_pv.maegz",20,"",,,"",,,,,,,,,,,,,,,,,,,,,,,"",,326,88750,false,0,2,51139,"W05IMl1DKD1PKVtOSF1bT0hd","J2VwaWtfcHl0aG9uJywgJy1waHQnLCAnMC4wJywgJy1waCcsICc3LjAnLCAnLXRuJywgJzgnLCAnLW1hJywgJzIwMCcsICctaW1hZScsICc8aW5maWxlLm1hZT4nLCAnLW9tYWUnLCAnPG91dGZpbGUubWFlPic=",1.000,0.0115,0.0000,0.0115,0.0000,0.000,0,0,0,"OPLS3e",-0.160,true,"3657.0-1","glide-grid_226",301,2,-3.744,-0.749,-1.280,-1.435,-3.744,0.000,-0.491,0.000,-2.250,3.304,-7.782,0.000,0.000,-7.625,-4.478,1.879,1,385,0.000,"This compound has a N-S or N-O group and may undergo hydrolysis at high or low pH.",""
,"3252458.0","459","242_3252458.0.1","2025-11-13 15:20:48","2025-11-13 15:20:48",,,,,,,"",,"","/home/db/Documentos/David_Hito2/Glide/docking_results/SP/1E9Z-glide-grid_226","docking_pv.maegz",21,"",,,"",,,,,,,,,,,,,,,,,,,,,,,"",,242,131200,false,0,2,51139,"W09IXVtOSF1DKD1PKVtDSDJdT2MxW2NIXVtjSF1bY0hdW2NIXVtjSF0x","J2VwaWtfcHl0aG9uJywgJy1waHQnLCAnMC4wJywgJy1waCcsICc3LjAnLCAnLXRuJywgJzgnLCAnLW1hJywgJzIwMCcsICctaW1hZScsICc8aW5maWxlLm1hZT4nLCAnLW9tYWUnLCAnPG91dGZpbGUubWFlPic=",1.000,0.0172,0.0000,0.0172,0.0000,0.000,0,0,0,"OPLS3e",16.996,true,"3252458.0-1","glide-grid_226",237,5,-3.739,-0.312,-0.713,-1.073,-3.739,-1.432,-0.608,0.000,-2.108,4.312,-8.663,1.646,-0.153,-0.710,-4.351,9.647,11,308,0.000,"This compound has a N-S or N-O group and may undergo hydrolysis at high or low pH.",""
,"3252458.0","460","242_3252458.0.1","2025-11-13 15:20:48","2025-11-13 15:20:48",,,,,,,"",,"","/home/db/Documentos/David_Hito2/Glide/docking_results/SP/1E9Z-glide-grid_226","docking_pv.maegz",22,"",,,"",,,,,,,,,,,,,,,,,,,,,,,"",,242,131200,false,0,2,51139,"W09IXVtOSF1DKD1PKVtDSDJdT2MxW2NIXVtjSF1bY0hdW2NIXVtjSF0x","J2VwaWtfcHl0aG9uJywgJy1waHQnLCAnMC4wJywgJy1waCcsICc3LjAnLCAnLXRuJywgJzgnLCAnLW1hJywgJzIwMCcsICctaW1hZScsICc8aW5maWxlLm1hZT4nLCAnLW9tYWUnLCAnPG91dGZpbGUubWFlPic=",1.000,0.0172,0.0000,0.0172,0.0000,0.000,0,0,0,"OPLS3e",16.996,true,"3252458.0-1","glide-grid_226",237,5,-3.559,-0.297,-0.679,-1.021,-3.559,-1.315,-0.608,0.000,-2.213,6.917,-8.390,1.646,-0.156,0.652,-1.473,7.062,11,362,0.000,"This compound has a N-S or N-O group and may undergo hydrolysis at high or low pH.",""
,"CHEMBL462481","461","134_CHEMBL462481.1","2025-11-13 15:20:48","2025-11-13 15:20:48",,,,,,,"",,"","/home/db/Documentos/David_Hito2/Glide/docking_results/SP/1E9Z-glide-grid_226","docking_pv.maegz",23,"",,,"",,,,,,,,,,,,,,,,,,,,,,,"",,134,790,false,0,2,51139,"W05IMl1bQ0gyXUMoPU8pW05IXVtDSDJdQyg9TylbTkhdW09IXQ==","J2VwaWtfcHl0aG9uJywgJy1waHQnLCAnMC4wJywgJy1waCcsICc3LjAnLCAnLXRuJywgJzgnLCAnLW1hJywgJzIwMCcsICctaW1hZScsICc8aW5maWxlLm1hZT4nLCAnLW9tYWUnLCAnPG91dGZpbGUubWFlPic=",,0.1406,0.1296,0.0110,0.1190,0.249,1,1,0,"OPLS3e",7.521,true,"CHEMBL462481-1","glide-grid_226",134,6,-3.430,-0.343,-0.739,-1.039,-3.549,-0.571,-0.741,0.000,-2.246,-5.451,-15.674,2.666,-0.034,-20.991,-21.125,8.647,4,166,0.119,"This compound has a N-S or N-O group and may undergo hydrolysis at high or low pH.",""
,"CHEMBL462481","462","134_CHEMBL462481.1","2025-11-13 15:20:48","2025-11-13 15:20:48",,,,,,,"",,"","/home/db/Documentos/David_Hito2/Glide/docking_results/SP/1E9Z-glide-grid_226","docking_pv.maegz",24,"",,,"",,,,,,,,,,,,,,,,,,,,,,,"",,134,790,false,0,2,51139,"W05IMl1bQ0gyXUMoPU8pW05IXVtDSDJdQyg9TylbTkhdW09IXQ==","J2VwaWtfcHl0aG9uJywgJy1waHQnLCAnMC4wJywgJy1waCcsICc3LjAnLCAnLXRuJywgJzgnLCAnLW1hJywgJzIwMCcsICctaW1hZScsICc8aW5maWxlLm1hZT4nLCAnLW9tYWUnLCAnPG91dGZpbGUubWFlPic=",,0.1406,0.1296,0.0110,0.1190,0.249,1,1,0,"OPLS3e",7.521,true,"CHEMBL462481-1","glide-grid_226",134,6,-3.415,-0.342,-0.736,-1.034,-3.534,-0.533,-0.747,0.000,-2.246,-5.341,-15.842,2.666,-0.031,-21.178,-21.183,8.350,4,359,0.119,"This compound has a N-S or N-O group and may undergo hydrolysis at high or low pH.",""
,"CHEMBL462481","463","134_CHEMBL462481.1","2025-11-13 15:20:48","2025-11-13 15:20:48",,,,,,,"",,"","/home/db/Documentos/David_Hito2/Glide/docking_results/SP/1E9Z-glide-grid_226","docking_pv.maegz",25,"",,,"",,,,,,,,,,,,,,,,,,,,,,,"",,134,790,false,0,2,51139,"W05IMl1bQ0gyXUMoPU8pW05IXVtDSDJdQyg9TylbTkhdW09IXQ==","J2VwaWtfcHl0aG9uJywgJy1waHQnLCAnMC4wJywgJy1waCcsICc3LjAnLCAnLXRuJywgJzgnLCAnLW1hJywgJzIwMCcsICctaW1hZScsICc8aW5maWxlLm1hZT4nLCAnLW9tYWUnLCAnPG91dGZpbGUubWFlPic=",,0.1406,0.1296,0.0110,0.1190,0.249,1,1,0,"OPLS3e",7.521,true,"CHEMBL462481-1","glide-grid_226",134,6,-2.904,-0.290,-0.626,-0.879,-3.023,-0.320,-0.793,0.000,-2.246,-2.018,-14.748,2.666,-0.017,-13.407,-16.766,13.850,4,188,0.119,"This compound has a N-S or N-O group and may undergo hydrolysis at high or low pH.",""
,"CHEMBL462481","464","134_CHEMBL462481.1","2025-11-13 15:20:48","2025-11-13 15:20:48",,,,,,,"",,"","/home/db/Documentos/David_Hito2/Glide/docking_results/SP/1E9Z-glide-grid_226","docking_pv.maegz",26,"",,,"",,,,,,,,,,,,,,,,,,,,,,,"",,134,790,false,0,2,51139,"W05IMl1bQ0gyXUMoPU8pW05IXVtDSDJdQyg9TylbTkhdW09IXQ==","J2VwaWtfcHl0aG9uJywgJy1waHQnLCAnMC4wJywgJy1waCcsICc3LjAnLCAnLXRuJywgJzgnLCAnLW1hJywgJzIwMCcsICctaW1hZScsICc8aW5maWxlLm1hZT4nLCAnLW9tYWUnLCAnPG91dGZpbGUubWFlPic=",,0.1406,0.1296,0.0110,0.1190,0.249,1,1,0,"OPLS3e",7.521,true,"CHEMBL462481-1","glide-grid_226",134,6,-2.648,-0.265,-0.571,-0.802,-2.767,-0.549,-0.593,0.000,-2.250,-2.761,-12.685,2.666,0.000,-15.276,-15.446,6.889,4,174,0.119,"This compound has a N-S or N-O group and may undergo hydrolysis at high or low pH.",""
,"CHEMBL462481","465","134_CHEMBL462481.1","2025-11-13 15:20:48","2025-11-13 15:20:48",,,,,,,"",,"","/home/db/Documentos/David_Hito2/Glide/docking_results/SP/1E9Z-glide-grid_226","docking_pv.maegz",27,"",,,"",,,,,,,,,,,,,,,,,,,,,,,"",,134,790,false,0,2,51139,"W05IMl1bQ0gyXUMoPU8pW05IXVtDSDJdQyg9TylbTkhdW09IXQ==","J2VwaWtfcHl0aG9uJywgJy1waHQnLCAnMC4wJywgJy1waCcsICc3LjAnLCAnLXRuJywgJzgnLCAnLW1hJywgJzIwMCcsICctaW1hZScsICc8aW5maWxlLm1hZT4nLCAnLW9tYWUnLCAnPG91dGZpbGUubWFlPic=",,0.1406,0.1296,0.0110,0.1190,0.249,1,1,0,"OPLS3e",7.521,true,"CHEMBL462481-1","glide-grid_226",134,6,-1.626,-0.163,-0.350,-0.492,-1.745,-0.414,-0.320,0.000,-2.227,4.851,-9.943,2.666,-0.200,-4.322,-5.093,5.541,14,158,0.119,"This compound has a N-S or N-O group and may undergo hydrolysis at high or low pH.",""
,"CHEMBL462481","466","134_CHEMBL462481.1","2025-11-13 15:20:48","2025-11-13 15:20:48",,,,,,,"",,"","/home/db/Documentos/David_Hito2/Glide/docking_results/SP/1E9Z-glide-grid_226","docking_pv.maegz",28,"",,,"",,,,,,,,,,,,,,,,,,,,,,,"",,134,790,false,0,2,51139,"W05IMl1bQ0gyXUMoPU8pW05IXVtDSDJdQyg9TylbTkhdW09IXQ==","J2VwaWtfcHl0aG9uJywgJy1waHQnLCAnMC4wJywgJy1waCcsICc3LjAnLCAnLXRuJywgJzgnLCAnLW1hJywgJzIwMCcsICctaW1hZScsICc8aW5maWxlLm1hZT4nLCAnLW9tYWUnLCAnPG91dGZpbGUubWFlPic=",,0.1406,0.1296,0.0110,0.1190,0.249,1,1,0,"OPLS3e",7.521,true,"CHEMBL462481-1","glide-grid_226",134,6,-1.175,-0.118,-0.253,-0.356,-1.294,-0.053,-0.608,0.000,-2.241,5.514,-8.860,2.666,-0.004,-1.517,-3.346,6.671,6,139,0.119,"This compound has a N-S or N-O group and may undergo hydrolysis at high or low pH.",""
,"CHEMBL462481","467","134_CHEMBL462481.1","2025-11-13 15:20:48","2025-11-13 15:20:48",,,,,,,"",,"","/home/db/Documentos/David_Hito2/Glide/docking_results/SP/1E9Z-glide-grid_226","docking_pv.maegz",29,"",,,"",,,,,,,,,,,,,,,,,,,,,,,"",,134,790,false,0,2,51139,"W05IMl1bQ0gyXUMoPU8pW05IXVtDSDJdQyg9TylbTkhdW09IXQ==","J2VwaWtfcHl0aG9uJywgJy1waHQnLCAnMC4wJywgJy1waCcsICc3LjAnLCAnLXRuJywgJzgnLCAnLW1hJywgJzIwMCcsICctaW1hZScsICc8aW5maWxlLm1hZT4nLCAnLW9tYWUnLCAnPG91dGZpbGUubWFlPic=",,0.1406,0.1296,0.0110,0.1190,0.249,1,1,0,"OPLS3e",7.521,true,"CHEMBL462481-1","glide-grid_226",134,6,-0.514,-0.051,-0.111,-0.156,-0.633,-0.229,-0.001,0.000,-2.167,0.973,-6.331,2.666,-0.001,0.082,-5.358,11.905,12,321,0.119,"This compound has a N-S or N-O group and may undergo hydrolysis at high or low pH.",""
